Suggestion0,Suggestion1,Suggestion2,Suggestion3,Suggestion4
مشهد,یزد,اهر,دهق,تهران
نهاوند,نکا,فسا,نیر,نور
ساوه,قم,تهران,پاوه,اوز
یاسوج,شیراز,اصفهان,میاندوآب,خاش
بندر انزلی,تهران,بندر کنگان,بندر گناوه,بندر لنگه
فومن,قم,شوش,فسا,بم
گناوه,اندیمشک,اصفهان,ساوه,پاوه
کازرون,خاش,کرج,سقز,اوز
محلات,محمودآباد,ری,آمل,جم
گنبد کاووس,گرگان,تبریز,میبد,گناباد
جم,یزد,قم,رشت,کرج
ارومیه,اراک,قروه,سرچم,اوز
فولادشهر,فسا,فومن,دزفول,املش
کاشان,زنجان,تهران,اصفهان,قم
اندیمشک,اندیشه,شاندرمن,نیر,ایلام
کرمانشاه,مشهد,کرمان,گرگان,کاشان
جم,قم,بم,قشم,آمل
ایلام,تهران,دیلم,ایوان,میناب
میبد,میناب,ری,نیر,خمین
رشت,تهران,مشهد,رودسر,کرج
بیجار,سقز,نیر,میناب,بیرجند
چابهار,اصفهان,چذابه,ابهر,زابل
تهران,تبریز,شیراز,ارومیه,تربت جام
قائم شهر,قائن,قایمیه,قم,جم
آبادان,شیراز,آمل,بم,جم
بهبهان,بدره,بانه,بهشهر,بابل
اراک,بروجرد,ری,نکا,اوز
سیرجان,شیراز,نیر,سایر,ساری
سایر,پاوه,خاش,کاشان,ملایر
بم,تهران,ایرانشهر,جم,قم
کاشان,کازرون,کاشمر,اصفهان,اصفهان - پایانه کاوه
بوشهر,عسلویه,شوش,خور,نور
میاندوآب,میانه,نیر,نکا,ری
سمنان,آمل,خمین,بم,جم
زرین شهر,ری,رزن,خمین,فریدن
اندیمشک,اهواز,دزفول,مسجدسلیمان,خاش
اردبیل,سراب,اراک,داراب,ساری
زنجان,زاهدان,زابل,سایر,زرین شهر
ساری,سبزوار,شیراز,سراب,سنندج
رودسر,رودان,یزد,رشت,فومن
قم,طبس,بم,ری,جم
یاسوج,ماکو,جاسک,خاش,اوز
شیراز,شیرگاه,شیروان,اصفهان,شیراز - پایانه مدرس
دهدشت,دهق,یزد,اهر,مشهد
سمنان,ازنا,خمین,صحنه,فسا
میانه,تبریز,زنجان,سرچم,مراغه
بندرعباس,بدره,سربندر,بجنورد,کنارک
ارومیه,تهران,ارزوییه,بشرویه,قایمیه
دامغان,کاشان,باغین,دهلران,همدان
ملایر,همدان,تهران,قم,لار
نجف آباد,یزد,خنج,نکا,قم
شهرکرد,شهرضا,شهریار,شهربابک,شیراز
طبس,قم,جم,بم,ری
سایر,اردبیل,سرچم,کرج,ساری
کرمان,بم,ری,قم,جم
بندرعباس,تهران,تبریز,بندر لنگه,بندر گناوه
بیرجند,اردبیل,بیرم,نیر,ابهر
دامغان,تهران,خاش,قشم,لار
خرم آباد,گرمی,خاش,خمین,جم
کاشان,کاشمر,خاش,لار,کرج
ملایر,همدان,جلفا,آمل,محلات
تهران - پایانه بیهقی,ری,بانه,بدره,ایذه
عسلویه,عسلويه,ساوه,چالوس,خوی
فردوس,تهران,مرند,تفرش,ری
اصفهان - پایانه کاوه,خاش,تکاب,نکا,پاوه
اندیمشک,اندیشه,انار,انارک,ابهر
جهرم,اصفهان - پایانه جی,جم,بم,قم
قزوین,خوی,قروه,یزد,دزفول
دهدشت,دهلران,دهق,قم,ری
میبد,میناب,تهران,میانه,تبریز
زنجان,تهران,رزن,یزد,بم
کازرون,ازنا,کرج,جاجرم,لامرد
خوانسار,اصفهان,خواف,خوی,خور
شیراز,شیراز - پایانه مدرس,شوط,شوش,قم
بابلسر,بابل,قم,تهران,ابهر
کنگان,نکا,کنگاور,کرمان,کنارک
آبادان,آباده,بابل,ازنا,زابل
ساری,بابل,ازنا,ماکو,رزن
شهرکرد,مهران,شیراز,سیرجان,اهواز
بیرجند,بروجن,بیرم,تیران,سیرجان
بوشهر,شیراز,نوشهر,شوش,بانه
لامرد,لار,خاش,بم,قشم
رفسنجان,کرمان,اصفهان,لنجان,زنجان
سنندج,سقز,تهران,خنج,سمنان
سمنان,تهران,همدان,رودان,سلماس
ایرانشهر,تیران,ایوان,شیراز,اراک
شاهرود,شاهین شهر,تهران,کاشان,اصفهان
شوش,شوشتر,شوط,خاش,نور
کرمانشاه,تهران,کرج,شیراز,رودسر
رودسر,شوط,قروه,اوز,خور
مهاباد,اهر,آمل,قم,ری
فسا,قم,خاش,بم,جلفا
یزد,تهران,ابرکوه,مشهد,کرج
شیراز,ری,قم,جم,بم
جیرفت,ری,جم,قم,بم
مشهد,مهران,تهران,اصفهان,مرند
ایرانشهر,پیرانشهر,اسلامشهر,کیاشهر,سلمان شهر
زابل,زاهدان,بابل,خاش,بناب
تهران - پایانه جنوب,جم,قم,بم,ری
دزفول,دهق,یزد,رزن,خاش
خمین,خمینی شهر,بم,جم,قم
رشت,رفسنجان,تهران,ری,رزن
تهران,فرودگاه امام خمینی,فسا,قروه,فردوس
قائم شهر,قائن,لار,قم,قشم
لاهیجان,لامرد,لار,تهران,شیراز
اردکان,اراک,اردستان,سردشت,اردبیل
چابهار,چذابه,بابل,ابهر,پاوه
آبادان,آباده,تایباد,گناباد,مهاباد
شهرضا,شیراز,شهرک,شهریار,شهرکرد
همدان,تهران,ملایر,بوشهر,کرج
سبزوار,سراب,طبس,سقز,ری
نوشهر,شوش,نور,خاش,نیر
مهران,اراک,شهرک,شهرضا,جهرم
میبد,مرند,مشهد,یزد,مهاباد
همدان,هشتپر,مشهد,کرج,تهران
کرج,کرمان,ری,قم,جم
تبریز,ری,تفرش,ساری,نور
اهر,املش,اوز,البرز,یزد
امیدیه,قم,خوی,گرمی,ری
میناب,رویان,ماسال,میانه,گرمی
دزفول,یزد,رزن,ماکو,بافت
نائین,نکا,خاش,فسا,خنج
بندر دیر,ری,قم,جم,دیلم
اقلید,قم,اوز,املش,سقز
ابهر,اهر,انار,چابهار,خور
تویسرکان,خوی,نور,شوش,شوط
تهران,شیراز,شاهرود,محلات,تهران - پایانه بیهقی
بروجرد,بروجن,اهواز,بم,ری
دورود,خور,نور,اهر,اوز
قم,بم,ری,جم,یزد
نی‌ریز,نیشابور,نیک شهر,نیر,ری
پارس آباد,جم,ری,بم,قم
بندر انزلی,عنبران,بندر کنگان,بندر گناوه,بندر لنگه
مهاباد,میاندوآب,میانه,میناب,رویان
قم,سلماس,تنکابن,سلمان شهر,سلطان آباد
دورود,لنگرود,داراب,نوردوز,دزفول
بوشهر,بندرعباس,بابل,بدره,یزد
بهبهان,اهواز,اصفهان,عنبران,درگهان
سبزوار,گرگان,سقز,اوز,بم
سنندج,سنقر,مرند,یزد,خنج
قائم شهر,شاهین شهر,زرین شهر,قایمیه,نسيم شهر
مشهد,تهران,شهرک,میبد,مرند
اهواز - همه پایانه‌ها,اهواز,اصفهان,بهبهان,امیدیه
دامغان,خاش,دهق,قم,بم
شاهرود,شاهین شهر,تهران,بم,لار
شیراز,اوز,خور,شوش,قم
قم,نور,بم,سقز,ری
بابل,ساری,بابلسر,بانه,لامرد
ری,قم,فسا,جم,نیر
نیشابور,نهبندان,نیر,یزد,نائین
ساری,رامسر,عباس آباد,سقز,اوز
گرگان,زاهدان,بهبهان,ایرانشهر,کرج
بوکان,نکا,بیجار,خواف,بافت
تایباد,هشتپر,فسا,تکاب,ری
کوهدشت,کرمان,نور,شوش,خور
مشهد,رشت,گرگان,تهران,اصفهان
بندرعباس,عنبرآباد,نورآباد,بدره,بندر دیر
آمل,املش,رشت,ساری,بم
کلاله,قم,نکا,بم,ری
لنگرود,نور,سنقر,نیر,انار
دیلم,گناوه,ری,دهق,آمل
گناباد,تهران,مهاباد,تایباد,گناوه
ارومیه,اراک,اردبیل,مرند,ماکو
بجنورد,بجستان,اصفهان,بم,ری
شبستر,شیراز,قم,رشت,طبس
سرایان,سراوان,سراب,فردوس,کرج
داراب,اصفهان,لار,خاش,خور
لنگرود,قم,جم,بم,رزن
شیراز,شهرضا,شهرکرد,اراک,بوشهر
ماهشهر,خاش,مراغه,پاوه,ماکو
کرج,کرمان,کرمانشاه,کاشان,کازرون
قزوین,همدان,تهران,زنجان,قم
تهران,شیراز,شاهرود,محلات,تهران - پایانه بیهقی
تنکابن,تکاب,نکا,بناب,کنگان
کلاله,لار,خلخال,خاش,زابل
عسلویه,عسلويه,شیراز,فسا,آمل
تهران,رشت,تهران - پایانه غرب,تهران - پایانه جنوب,تهران - پایانه شرق
رشت,ری,رزن,فسا,بم
ماکو,خاش,قائن,پاوه,چالوس
خوانسار,خواف,خاش,قوچان,رودان
یزد,اصفهان,ری,قم,جم
بندرعباس,بندر انزلی,کرمان,بندر لنگه,یزد
محلات,اراک,قم,خمین,ایلام
شوشتر,شوط,شوش,قم,خوی
بندرعباس,بدره,بناب,نور,عنبران
محمودآباد,ماکو,بم,مرند,صحنه
آبادان,شیراز,اشکنان,سراوان,زاهدان
بندرعباس,بندر دیر,بندر گناوه,بندر کنگان,بندر لنگه
ری,ساری,جم,رزن,کرج
عسلویه,عسلويه,چالوس,سقز,دیلم
همدان,بم,یزد,آمل,جم
قائن,قم,خاش,کاشمر,نائین
آستارا,فسا,آمل,نکا,شبستر
بهبهان,شیراز,بهشهر,بوشهر,شهرضا
مهران,مهاباد,تکاب,بناب,میناب
هشتپر,تبریز,خاش,اهر,ری
ماهشهر,تهران,شیراز,آبادان,همدان
دورود,جم,دهق,خوی,بم
مراغه,میاندوآب,تهران,میانه,ملایر
بروجرد,برداسکن,بروجن,برازجان,بم
همدان,تهران,املش,نکا,رودان
تهران,قم,جم,بم,ری
سقز,همدان,فسا,سنقر,ری
بابل,مرند,ازنا,قائن,یزد
کرج,کرمان,کرمانشاه,بم,اصفهان
گرگان,مشهد,درگهان,گراش,کرمان
خرم آباد,خرمشهر,تهران,کرج,شیراز
بابل,بابلسر,بناب,خاش,بم
کرج,کرمان,کرمانشاه,جم,نور
خوی,تبریز,خور,خاش,شوش
بهشهر,بوشهر,بدره,بانه,نوشهر
ارومیه,اوز,خاش,پاوه,ماکو
عسلویه,عسلويه,شیراز,اهواز,تهران
ایرانشهر,سایر,اهر,نیر,خور
ساری,ساوه,تهران,فسا,خاش
تهران,کرمانشاه,شیراز,تهران - پایانه غرب,میانه
آمل,املش,بم,اوز,قم
اهواز,تهران,اصفهان,شیراز,اهواز - همه پایانه‌ها
عسلویه,عسلويه,قم,جم,ری
ساری,بابل,کرج,مشهد,رشت
چابهار,چالوس,خاش,ری,بم
شاهین شهر,شاهین دژ,بهبهان,اصفهان,نائین
کرمان,کرمانشاه,سنندج,کرج,ری
بهبهان,بهشهر,تهران,رامسر,بم
قشم,بندرعباس,قم,خاش,جم
لار,خنج,شیراز,خاش,انار
چالوس,ماکو,خاش,چغادک,زابل
شاهرود,اهر,شهرک,سایر,لار
بندرعباس,مشهد,اصفهان,عنبرآباد,نورآباد
ارومیه,اراک,اردبیل,مرند,ماکو
اقلید,خاش,بم,لار,سقز
فسا,بم,طبس,ری,قم
ایذه,اراک,میبد,قایمیه,املش
آمل,دزفول,نور,خوی,فومن
خمین,خوی,خاش,جم,خنج
کازرون,اهر,لار,سایر,کاشمر
گناباد,گنبد کاووس,گناوه,خنج,ری
زنجان,لنجان,خنج,ازنا,نکا
ایرانشهر,ایلام,شیراز,اراک,بیرم
بروجرد,اهواز,خرم آباد,تهران,شیراز
چابهار,چالوس,یزد,تهران,خاش
ارومیه,تبریز,پیرانشهر,قروه,لار
آمل,فرودگاه امام خمینی,جم,بم,قم
دزفول,شوشتر,اندیمشک,بندر دیر,درگز
تهران,قم,تهران - پایانه غرب,بهشهر,تیران
دورود,داراب,دشتستان,دره‌شهر,جم
قم,طبس,بم,ری,جم
کاشان,کاشمر,خاش,کرمان,جلفا
قائم شهر,ساری,گرگان,آمل,تهران
تبریز,تهران,همدان,رشت,شاهین دژ
ماهشهر,ساری,گرگان,خاش,جم
نهاوند,تهران,زنجان,سراوان,پاوه
دزفول,اندیمشک,کرمانشاه,زابل,دلفان
جهرم,جم,قم,ری,دهق
تربت حیدریه,کاشمر,رشت,تفرش,بابل
تهران,میانه,پایانه صفه,پایانه فدک,پایانه غرب
لنگرود,نور,کنگان,لامرد,کنگاور
بوکان,بانه,تهران,سقز,ارومیه
تهران - پایانه بیهقی,بیرم,دهق,مشهد,آبیک
قائم شهر,بابل,قائن,قم,قشم
خرم آباد,اصفهان,بروجرد,بروجن,اهواز
بجنورد,بانه,نطنز,بیرجند,جم
اصفهان,تهران,قم,یزد,مشهد
تبریز,رشت,بم,ری,تکاب
کنگان,تهران,گرگان,لنجان,کنگاور
بهبهان,اهواز,دهق,بابل,بم
تنکابن,بم,رزن,قم,جم
نجف آباد,خنج,جم,نکا,نور
اردبیل,رشت,ارومیه,ساری,تبریز
شیراز,شیرگاه,شیروان,اصفهان,شیراز - پایانه مدرس
کازرون,شیراز,کاشان,شاهرود,فارسان
دهدشت,دهق,خاش,مشهد,درگز
گناباد,گناوه,بناب,خنج,فسا
بندر انزلی,اوز,انار,ازنا,انارک
سنندج,ساری,کرمانشاه,خنج,سقز
محلات,مشهد,ماکو,میبد,فسا
شوشتر,شوش,اهواز,الشتر,بوشهر
کوهدشت,ری,نور,کرج,خور
نهاوند,تهران,اهر,خنج,قم
ایرانشهر,ایذه,خاش,ری,اهر
مسجد سلیمان,مشهد,مسجدسلیمان,طبس,فسا
شاهین شهر,اصفهان,اهر,ساری,ساوه
یاسوج,یزد,ایذه,کرج,نهاوند
چالوس,چابهار,آمل,بابل,زابل
لاهیجان,لنجان,دلیجان,زاهدان,کمیجان
داراب,شیراز,اصفهان,سراب,اراک
اردبیل,گرمی,داراب,ری,سراب
بیرجند,مشهد,اصفهان,سیرجان,بروجرد
بابل,گرگان,مرند,ماهشهر,انار
سمنان,قم,بم,جم,سرچم
لامرد,لار,اهر,ملایر,رامسر
بیرجند,بیجار,بوکان,گرگان,تهران - پایانه بیهقی
اصفهان,تهران,اهواز,نجف آباد,اصفهان - پایانه کاوه
محمودآباد,ماکو,میبد,مرند,محلات
تهران,فرودگاه امام خمینی,فردوس,فریدن,قروه
کاشان,رویان,پارسیان,سرایان,ایوان
ابهر,بم,اهر,اوز,ایذه
رویان,ری,خوی,رشت,گرمی
مراغه,کرمانشاه,مرند,مهران,سراب
چابهار,تهران,سیرجان,ابهر,انار
ایرانشهر,تیران,ایوان,سیرجان,گراش
ایلام,کرمانشاه,ایذه,املش,ازنا
بوشهر,شیراز,اصفهان,شهرکرد,تهران
ساری,خوی,لار,ری,سایر
یزد,یاسوج,بوشهر,اصفهان,آستارا
قائم شهر,ساری,قاینات,قشم,سایر
ساوه,خاش,ساری,سقز,سایر
گیلانغرب,ایلام,دیلم,فسا,میبد
شیراز,شیروان,بروجرد,شیراز - پایانه مدرس,فرودگاه امام خمینی
قم,قزوین,قشم,اصفهان,بم
ملایر,محلات,لار,خلخال,میناب
ملایر,ماهشهر,مهاباد,آمل,املش
زاهدان,مشهد,اهر,زابل,پاوه
اصفهان,یزد,اصفهان - پایانه کاوه,ایذه,اهر
اهواز - همه پایانه‌ها,خاش,جم,قم,اهر
بروجرد,بروجن,الیگودرز,قروه,کرج
بجنورد,مشهد,آبادان,بروجرد,نور
خمین,الیگودرز,فرودگاه امام خمینی,خوی,خاش
گرگان,گناباد,گناوه,تهران,گلپایگان
طبس,لار,ماکو,سلماس,خاش
رامسر,کرمان,تهران,ری,خاش
مهاباد,تکاب,میبد,مراغه,میناب
سبزوار,زواره,بیجار,سراوان,سراب
اراک,استهبان,آستارا,تهران,جاسک
زاهدان,یزد,خاش,زواره,زابل
آستارا,استانبول (ترکیه),ازنا,فسا,ایوان
چابهار,چالوس,چذابه,کرمانشاه,جم
فومن,فولادشهر,جم,شوط,خوی
دامغان,سمنان,اهر,زابل,بابل
مهاباد,تبریز,گناباد,مهران,ماسال
تنکابن,ساری,تهران,رامسر,رشت
بندرعباس,بندر انزلی,بندر لنگه,بندر کنگان,اصفهان
اصفهان,اصفهان - پایانه کاوه,ازنا,اهر,جلفا
کلاچای,کلاله,شیراز,کلاردشت,رودسر
جهرم,شهرک,جم,بیرم,جاجرم
شهرکرد,شهرضا,تهران,شهریار,شهربابک
اصفهان,تهران,قم,یزد,مشهد
قم,تهران,قم - پایانه فدک,قم - عوارضی,کرج
شهرکرد,شاهرود,شهرک,اهر,شهرضا
مهران,ایلام,کرمانشاه,پایانه مرزی مهران,تهران
همدان,تبریز,قم,جم,بم
رفسنجان,کرمان,ری,کرج,جم
لنگرود,رشت,لاهیجان,بندرعباس,لار
زاهدان,اهواز,مشهد,زابل,ازنا
آبادان,همدان,آباده,بافت,بابل
بیرجند,بیرم,کرج,بدره,نیر
اهواز,اندیمشک,اهواز - همه پایانه‌ها,اهواز - پایانه تپه,اهواز - پایانه سیاحت
آبادان,آباده,اصفهان,خرمشهر,نکا
سقز,کرج,سنقر,اوز,قم
بندرعباس,بندر انزلی,بناب,بم,خنج
نوشهر,رویان,تهران,بوشهر,نور
عسلویه,عسلويه,فسا,جم,ری
گرمسار,گرمی,بم,قم,جم
مراغه,مرند,مریوان,خور,نور
تنکابن,نکا,تکاب,ماکو,جلفا
دورود,نور,خور,درگز,فومن
ازنا,استانبول (ترکیه),اوز,خاش,سقز
مهاباد,نکا,فسا,مهران,اهر
کرمان,کرمانشاه,گرمی,کرج,اراک
بندر لنگه,بندرعباس,بدره,بندر گناوه,بندر دیر
ایلام,ایذه,ایرانشهر,ایوان,تهران
بهشهر,ساری,بوشهر,ماهشهر,نوشهر
کهنوج,کرج,نور,یاسوج,سنندج
ماهشهر,خاش,مبارکه,ماکو,اهر
تهران,تیران,اراک,تهران - پایانه جنوب,تهران - پایانه غرب
شهرکرد,شهرک,شهریار,شهرضا,اهر
رشت,رفسنجان,تهران,ری,رزن
آبادان,شیراز,بندرعباس,آبدانان,آباده
شیراز,شهرضا,شهرکرد,اراک,بوشهر
لاهیجان,لار,خاش,ساوه,بانه
کنگان,خنج,کرج,خاش,قم
اهر,دهق,تهران,مشهد,یزد
آبادان,آباده,آبدانان,قم,بم
اسفراین,اصفهان,سرایان,دلفان,سمنان
کنگان,کنگاور,ری,بم,جم
لاهیجان,رشت,ساری,لار,اهر
آبادان,شیراز,آمل,بم,جم
نوشهر,نور,نورآباد,شیراز,بم
کرمان,کرمانشاه,همدان,تهران,سیرجان
تربت حیدریه,ری,سراب,تکاب,کرج
بجنورد,تهران,بم,جم,بانه
جهرم,اهر,شهرک,جم,ابهر
نیشابور,نیر,خاش,نور,ری
مشهد,مهران,تهران,اصفهان,مرند
قم,نور,خوی,لار,بم
ری,قم,نیر,بم,جم
شهرکرد,شهرک,اهر,شهرضا,جهرم
چالوس,ساوه,فردوس,ماکو,یاسوج
خرمشهر,خاش,گراش,گرمی,خورموج
فردوس,فریدن,اصفهان,فرودگاه امام خمینی,فریدون کنار
قشم,بندرعباس,تبریز,شیراز,پارسیان
بندرعباس,بندر انزلی,گرگان,بدره,کنارک
اردکان,اراک,قرچک,کنارک,ساری
تهران,اصفهان,شیراز,یزد,مشهد
اندیمشک,اهواز - همه پایانه‌ها,اندیشه,نیر,اقلید
اندیمشک,دهق,خور,کرج,بم
اراک,تهران,همدان,سراب,انار
گلپایگان,بهشهر,قم,بم,آمل
یزد,یاسوج,بوشهر,اصفهان,آستارا
محمودآباد,قشم,بم,جم,قم
کرمانشاه,کرمان,کنگان,گرگان,گراش
فولادشهر,اصفهان,دورود,فومن,قوچان
لنگرود,لاهیجان,گلپایگان,ری,جم
مشهد,تهران,اصفهان,رشت,جهرم
گچساران,قم,بم,ری,جم
فسا,شیراز,نکا,رزن,دهق
بندرعباس,بندر دیر,بناب,بندر لنگه,بدره
کرج,تهران,البرز,رشت,مشهد
لنگرود,رشت,کنگاور,لامرد,شاهرود
خرمشهر,شیراز,آبادان,اصفهان,آذرشهر
ایذه,اوز,سایر,ری,اهر
زابل,بابل,تکاب,بناب,سراب
نیشابور,نکا,نیر,خاش,رشت
شاهرود,شهرک,اهر,سایر,شهرضا
سبزوار,سقز,سراب,ساری,طبس
سیرجان,شیراز,ری,سقز,جم
بوشهر,بندرعباس,بابل,بدره,یزد
پاوه,پارسیان,خاش,نکا,بم
ساری,ساوه,کرج,سایر,لار
بندرعباس,بندر دیر,بدره,بناب,نور
رفسنجان,کرمان,رزن,فسا,قائن
تهران,تیران,اراک,تهران - پایانه جنوب,تهران - پایانه غرب
مریوان,ایوان,سراوان,شیروان,میانه
اهواز,همدان,عسلویه,اهواز - پایانه تپه,اهواز - همه پایانه‌ها
آباده,تهران,آبادان,بانه,کلاله
نهاوند,نکا,بناب,نطنز,جهرم
الیگودرز,کرج,بم,املش,قم
زنجان,تهران,اهواز,مشهد,تبریز
آبادان,آباده,اهواز,آبیک,خاش
بابل,بابلسر,ساری,چالوس,یزد
گنبد کاووس,گرگان,خنج,بناب,خاش
اردکان,اصفهان,تهران,نائین,ایرانشهر
تفرش,قم,بم,ری,جم
قائم شهر,قایمیه,قائن,مشهد,قم
شاهرود,تهران,سمنان,بابل,نشتارود
سیرجان,کرمان,گرگان,تهران,عسلویه
رامسر,بجنورد,تهران,گرگان,اصفهان
سیرجان,نیر,ساری,تیران,جیرفت
نیشابور,بابل,مشهد,نیر,یاسوج
تهران,تبریز,شیراز,ارومیه,تربت جام
اصفهان,خرم آباد,اصفهان - پایانه کاوه,اصفهان - پایانه جی,اصفهان - پایانه صفه
مهران,اهر,ابهر,نور,شهرک
سیرجان,بیرم,ساری,نیر,سایر
خرمشهر,خاش,قروه,مشهد,گرمی
ارومیه,تبریز,گرمی,اهواز,ساری
خوی,خوانسار,رشت,همدان,خور
تاکستان,قزوین,دشتستان,بجستان,پارسیان
زاهدان,ایوان,دامغان,زنجان,رودان
بوشهر,بوکان,یاسوج,تهران,اصفهان
شیراز,اصفهان,تهران,لار,شهرضا
قم,فریدون شهر,فرودگاه امام خمینی,جم,بم
ماهشهر,خاش,مشهد,ماکو,اهر
رودسر,انار,اوز,ازنا,خنج
نیشابور,نهبندان,نیر,یزد,نائین
خرم آباد,خرمشهر,اراک,بروجرد,خور
کازرون,شیراز - پایانه کاراندیش,لار,خاش,انار
تهران,آمل,تبریز,قم,تهران - پایانه غرب
اصفهان,اهواز,ایذه,اراک,تهران
شیراز,شیراز - پایانه کاراندیش,شیراز - پایانه امیرکبیر,شهرضا,شهرک
اصفهان,اهواز,ایذه,اراک,تهران
بندر انزلی,اوز,اهر,ازنا,بانه
گرگان,گرمی,کرمان,گراش,قم
پارس آباد,پارسیان,لار,خاش,اهر
قم,قزوین,قشم,اصفهان,بم
الیگودرز,ری,اوز,اقلید,خوی
آستارا,فسا,طبس,قم,جم
قزوین,کرج,سقز,قم,رزن
اندیمشک,اهواز,تهران,اندیشه,شاندرمن
قزوین,رشت,سایر,زنجان,قشم
زاهدان,زابل,خاش,فسا,رزن
اصفهان,تهران,یزد,اصفهان - پایانه کاوه,اصفهان - پایانه صفه
زنجان,تهران,خنج,رزن,کرج
آستارا,فسا,آمل,رشت,قم
بروجرد,بروجن,قروه,نور,بیجار
شهرضا,شهرک,جهرم,اهر,تفرش
ایلام,اوز,املش,دیلم,ایذه
دلیجان,اراک,تهران,دهق,خوی
آستارا,اسفراین,اصفهان,اسلامشهر,قم
رشت,ری,خاش,کرج,تفرش
یاسوج,اهواز,خاش,لار,یزد
سنندج,سنقر,سمنان,سقز,خنج
رامسر,رامهرمز,خاش,اراک,ری
بندرعباس,کنگان,بندر دیر,بدره,نیر
شیراز,گلپایگان,شیراز - پایانه مدرس,شیراز - پایانه کاراندیش,شیراز - پایانه امیرکبیر
لامرد,لار,کاشمر,جاجرم,اهر
رامسر,خاش,اهر,رزن,ری
فریدون کنار,فریدون شهر,فریدن,ری,فسا
اندیمشک,اوز,ازنا,مرند,یزد
اهواز,اهر,مشهد,تهران,اهواز - پایانه تپه
رودسر,رویان,ری,قروه,خور
اردبیل,اردکان,یزد,رشت,ارومیه
تهران,قم,تهران - پایانه غرب,بهشهر,تیران
آمل,بم,قم,جم,قشم
تربت حیدریه,تبریز,تربت جام,تهران - پایانه جنوب,خور
خرم آباد,خلخال,خرمشهر,خاش,خوی
بهشهر,خاش,بم,اهر,ابهر
کهنوج,کرج,یاسوج,قم,بم
طبس,سمنان,بم,بابل,یزد
نهاوند,تهران,مهاباد,کنگان,شهرکرد
بابلسر,بابل,زابل,بافت,چالوس
تبریز,لار,خور,نور,ابهر
ری,قم,کرج,نیر,بم
سراوان,مهاباد,شاهین شهر,نور,اهر
تهران,آمل,تبریز,قم,تهران - پایانه غرب
رفسنجان,رزن,فسا,طبس,رشت
آبادان,ابهر,ابرکوه,آبدانان,خاش
رودسر,رودبار,رودان,رامسر,نور
مشهد,قم,قزوین,تربت حیدریه,قشم
نور,نورآباد,نوردوز,ممسنی,نورآباد (لرستان)
گرگان,درگز,گرمی,گراش,رزن
قم,قشم,بم,جم,رشت
نوشهر,نور,شوش,بوشهر,نقده
تنکابن,نکا,خنج,ماکو,یزد
اهواز,تبریز,اهواز - همه پایانه‌ها,اهواز - پایانه تپه,اهر
یزد,تهران,اصفهان,سقز,قم
کرج,کرمان,کرمانشاه,بم,اصفهان
بوکان,ارومیه,خور,بم,خوی
داراب,شیراز,یزد,ساری,لار
آبادان,آباده,ازنا,ابهر,اراک
